<?xml version="1.0" encoding="UTF-8"?>
<Configuration status="WARN" monitorInterval="30">
    <Properties>
        <Property name="LOG_PATTERN">%d{yyyy-MM-dd'T'HH:mm:ss.SSSZ} %p %m%n</Property>
        <Property name="LOG_PATTERN_DETAILS">%-7p %d [%t] %c %x - %m%n"</Property>
        <Property name="APP_LOG_ROOT">c:/temp</Property>
    </Properties>
    <Appenders>
        <layout class="org.apache.log4j.PatternLayout">
            <param name="ConversionPattern" value="%-7p %d [%t] %c %x - %m%n"/>
        </layout>

        <Console name="Console" target="SYSTEM_OUT" follow="true">
            <PatternLayout pattern="${LOG_PATTERN_DETAILS}"/>
        </Console>

        <RollingFile name="appLog"
                     fileName="${APP_LOG_ROOT}/log/application.log"
                     filePattern="${APP_LOG_ROOT}/log/application-%d{yyyy-MM-dd}-%i.log">
            <PatternLayout pattern="${LOG_PATTERN}"/>
            <Policies>
                <SizeBasedTriggeringPolicy size="19500KB"/>
            </Policies>
            <DefaultRolloverStrategy max="1"/>
        </RollingFile>

    </Appenders>
    <Loggers>

        <Logger name="rnr_logger" additivity="false">
            <AppenderRef ref="appLog"/>
            <AppenderRef ref="Console"/>
        </Logger>

        <Root level="info">
            <AppenderRef ref="appLog"/>
            <AppenderRef ref="Console"/>
        </Root>
    </Loggers>
</Configuration>